"Correlation_Id","Dispatch_Id","Agent_Id","Queue_Id","Process_Id","Thread_Id","Grid_Size","Kernel_Id","Kernel_Name","Workgroup_Size","LDS_Block_Size","Scratch_Size","VGPR_Count","SGPR_Count","Counter_Name","Counter_Value","Start_Timestamp","End_Timestamp"
1,1,4,1,128707,128707,16777216,21,"void copy_kernel<1>(float*, float*, unsigned long, unsigned long)",256,0,0,12,32,"SQ_INSTS_VMEM_RD",262144.000000,5187498367043261,5187498367186622
1,1,4,1,128707,128707,16777216,21,"void copy_kernel<1>(float*, float*, unsigned long, unsigned long)",256,0,0,12,32,"TCC_EA_RDREQ_sum",1048612.000000,5187498367043261,5187498367186622
1,1,4,1,128707,128707,16777216,21,"void copy_kernel<1>(float*, float*, unsigned long, unsigned long)",256,0,0,12,32,"TCC_HIT_sum",1049018.000000,5187498367043261,5187498367186622
1,1,4,1,128707,128707,16777216,21,"void copy_kernel<1>(float*, float*, unsigned long, unsigned long)",256,0,0,12,32,"TCC_MISS_sum",1048610.000000,5187498367043261,5187498367186622
1,1,4,1,128707,128707,16777216,21,"void copy_kernel<1>(float*, float*, unsigned long, unsigned long)",256,0,0,12,32,"TCP_TCC_READ_REQ_sum",1048576.000000,5187498367043261,5187498367186622
1,1,4,1,128707,128707,16777216,21,"void copy_kernel<1>(float*, float*, unsigned long, unsigned long)",256,0,0,12,32,"TCP_TOTAL_READ_sum",4194304.000000,5187498367043261,5187498367186622
2,2,4,1,128707,128707,16777216,21,"void copy_kernel<1>(float*, float*, unsigned long, unsigned long)",256,0,0,12,32,"SQ_INSTS_VMEM_RD",262144.000000,5187498371265837,5187498371401998
2,2,4,1,128707,128707,16777216,21,"void copy_kernel<1>(float*, float*, unsigned long, unsigned long)",256,0,0,12,32,"TCC_EA_RDREQ_sum",1048584.000000,5187498371265837,5187498371401998
2,2,4,1,128707,128707,16777216,21,"void copy_kernel<1>(float*, float*, unsigned long, unsigned long)",256,0,0,12,32,"TCC_HIT_sum",1049018.000000,5187498371265837,5187498371401998
2,2,4,1,128707,128707,16777216,21,"void copy_kernel<1>(float*, float*, unsigned long, unsigned long)",256,0,0,12,32,"TCC_MISS_sum",1048582.000000,5187498371265837,5187498371401998
2,2,4,1,128707,128707,16777216,21,"void copy_kernel<1>(float*, float*, unsigned long, unsigned long)",256,0,0,12,32,"TCP_TCC_READ_REQ_sum",1048576.000000,5187498371265837,5187498371401998
2,2,4,1,128707,128707,16777216,21,"void copy_kernel<1>(float*, float*, unsigned long, unsigned long)",256,0,0,12,32,"TCP_TOTAL_READ_sum",4194304.000000,5187498371265837,5187498371401998
3,3,4,1,128707,128707,16777216,21,"void copy_kernel<1>(float*, float*, unsigned long, unsigned long)",256,0,0,12,32,"SQ_INSTS_VMEM_RD",262144.000000,5187498371849199,5187498371985200
3,3,4,1,128707,128707,16777216,21,"void copy_kernel<1>(float*, float*, unsigned long, unsigned long)",256,0,0,12,32,"TCC_EA_RDREQ_sum",1048584.000000,5187498371849199,5187498371985200
3,3,4,1,128707,128707,16777216,21,"void copy_kernel<1>(float*, float*, unsigned long, unsigned long)",256,0,0,12,32,"TCC_HIT_sum",1049018.000000,5187498371849199,5187498371985200
3,3,4,1,128707,128707,16777216,21,"void copy_kernel<1>(float*, float*, unsigned long, unsigned long)",256,0,0,12,32,"TCC_MISS_sum",1048582.000000,5187498371849199,5187498371985200
3,3,4,1,128707,128707,16777216,21,"void copy_kernel<1>(float*, float*, unsigned long, unsigned long)",256,0,0,12,32,"TCP_TCC_READ_REQ_sum",1048576.000000,5187498371849199,5187498371985200
3,3,4,1,128707,128707,16777216,21,"void copy_kernel<1>(float*, float*, unsigned long, unsigned long)",256,0,0,12,32,"TCP_TOTAL_READ_sum",4194304.000000,5187498371849199,5187498371985200
4,4,4,1,128707,128707,16777216,21,"void copy_kernel<1>(float*, float*, unsigned long, unsigned long)",256,0,0,12,32,"SQ_INSTS_VMEM_RD",262144.000000,5187498372423602,5187498372558962
4,4,4,1,128707,128707,16777216,21,"void copy_kernel<1>(float*, float*, unsigned long, unsigned long)",256,0,0,12,32,"TCC_EA_RDREQ_sum",1048584.000000,5187498372423602,5187498372558962
4,4,4,1,128707,128707,16777216,21,"void copy_kernel<1>(float*, float*, unsigned long, unsigned long)",256,0,0,12,32,"TCC_HIT_sum",1049018.000000,5187498372423602,5187498372558962
4,4,4,1,128707,128707,16777216,21,"void copy_kernel<1>(float*, float*, unsigned long, unsigned long)",256,0,0,12,32,"TCC_MISS_sum",1048582.000000,5187498372423602,5187498372558962
4,4,4,1,128707,128707,16777216,21,"void copy_kernel<1>(float*, float*, unsigned long, unsigned long)",256,0,0,12,32,"TCP_TCC_READ_REQ_sum",1048576.000000,5187498372423602,5187498372558962
4,4,4,1,128707,128707,16777216,21,"void copy_kernel<1>(float*, float*, unsigned long, unsigned long)",256,0,0,12,32,"TCP_TOTAL_READ_sum",4194304.000000,5187498372423602,5187498372558962
5,5,4,1,128707,128707,16777216,21,"void copy_kernel<1>(float*, float*, unsigned long, unsigned long)",256,0,0,12,32,"SQ_INSTS_VMEM_RD",262144.000000,5187498372976244,5187498373112564
5,5,4,1,128707,128707,16777216,21,"void copy_kernel<1>(float*, float*, unsigned long, unsigned long)",256,0,0,12,32,"TCC_EA_RDREQ_sum",1048586.000000,5187498372976244,5187498373112564
5,5,4,1,128707,128707,16777216,21,"void copy_kernel<1>(float*, float*, unsigned long, unsigned long)",256,0,0,12,32,"TCC_HIT_sum",1049018.000000,5187498372976244,5187498373112564
5,5,4,1,128707,128707,16777216,21,"void copy_kernel<1>(float*, float*, unsigned long, unsigned long)",256,0,0,12,32,"TCC_MISS_sum",1048584.000000,5187498372976244,5187498373112564
5,5,4,1,128707,128707,16777216,21,"void copy_kernel<1>(float*, float*, unsigned long, unsigned long)",256,0,0,12,32,"TCP_TCC_READ_REQ_sum",1048576.000000,5187498372976244,5187498373112564
5,5,4,1,128707,128707,16777216,21,"void copy_kernel<1>(float*, float*, unsigned long, unsigned long)",256,0,0,12,32,"TCP_TOTAL_READ_sum",4194304.000000,5187498372976244,5187498373112564
6,6,4,1,128707,128707,16777216,21,"void copy_kernel<1>(float*, float*, unsigned long, unsigned long)",256,0,0,12,32,"SQ_INSTS_VMEM_RD",262144.000000,5187498373527446,5187498373662966
6,6,4,1,128707,128707,16777216,21,"void copy_kernel<1>(float*, float*, unsigned long, unsigned long)",256,0,0,12,32,"TCC_EA_RDREQ_sum",1048586.000000,5187498373527446,5187498373662966
6,6,4,1,128707,128707,16777216,21,"void copy_kernel<1>(float*, float*, unsigned long, unsigned long)",256,0,0,12,32,"TCC_HIT_sum",1049018.000000,5187498373527446,5187498373662966
6,6,4,1,128707,128707,16777216,21,"void copy_kernel<1>(float*, float*, unsigned long, unsigned long)",256,0,0,12,32,"TCC_MISS_sum",1048584.000000,5187498373527446,5187498373662966
6,6,4,1,128707,128707,16777216,21,"void copy_kernel<1>(float*, float*, unsigned long, unsigned long)",256,0,0,12,32,"TCP_TCC_READ_REQ_sum",1048576.000000,5187498373527446,5187498373662966
6,6,4,1,128707,128707,16777216,21,"void copy_kernel<1>(float*, float*, unsigned long, unsigned long)",256,0,0,12,32,"TCP_TOTAL_READ_sum",4194304.000000,5187498373527446,5187498373662966
7,7,4,1,128707,128707,16777216,21,"void copy_kernel<1>(float*, float*, unsigned long, unsigned long)",256,0,0,12,32,"SQ_INSTS_VMEM_RD",262144.000000,5187498374077048,5187498374212889
7,7,4,1,128707,128707,16777216,21,"void copy_kernel<1>(float*, float*, unsigned long, unsigned long)",256,0,0,12,32,"TCC_EA_RDREQ_sum",1048584.000000,5187498374077048,5187498374212889
7,7,4,1,128707,128707,16777216,21,"void copy_kernel<1>(float*, float*, unsigned long, unsigned long)",256,0,0,12,32,"TCC_HIT_sum",1049018.000000,5187498374077048,5187498374212889
7,7,4,1,128707,128707,16777216,21,"void copy_kernel<1>(float*, float*, unsigned long, unsigned long)",256,0,0,12,32,"TCC_MISS_sum",1048582.000000,5187498374077048,5187498374212889
7,7,4,1,128707,128707,16777216,21,"void copy_kernel<1>(float*, float*, unsigned long, unsigned long)",256,0,0,12,32,"TCP_TCC_READ_REQ_sum",1048576.000000,5187498374077048,5187498374212889
7,7,4,1,128707,128707,16777216,21,"void copy_kernel<1>(float*, float*, unsigned long, unsigned long)",256,0,0,12,32,"TCP_TOTAL_READ_sum",4194304.000000,5187498374077048,5187498374212889
8,8,4,1,128707,128707,16777216,21,"void copy_kernel<1>(float*, float*, unsigned long, unsigned long)",256,0,0,12,32,"SQ_INSTS_VMEM_RD",262144.000000,5187498374624250,5187498374761051
8,8,4,1,128707,128707,16777216,21,"void copy_kernel<1>(float*, float*, unsigned long, unsigned long)",256,0,0,12,32,"TCC_EA_RDREQ_sum",1048584.000000,5187498374624250,5187498374761051
8,8,4,1,128707,128707,16777216,21,"void copy_kernel<1>(float*, float*, unsigned long, unsigned long)",256,0,0,12,32,"TCC_HIT_sum",1049018.000000,5187498374624250,5187498374761051
8,8,4,1,128707,128707,16777216,21,"void copy_kernel<1>(float*, float*, unsigned long, unsigned long)",256,0,0,12,32,"TCC_MISS_sum",1048582.000000,5187498374624250,5187498374761051
8,8,4,1,128707,128707,16777216,21,"void copy_kernel<1>(float*, float*, unsigned long, unsigned long)",256,0,0,12,32,"TCP_TCC_READ_REQ_sum",1048576.000000,5187498374624250,5187498374761051
8,8,4,1,128707,128707,16777216,21,"void copy_kernel<1>(float*, float*, unsigned long, unsigned long)",256,0,0,12,32,"TCP_TOTAL_READ_sum",4194304.000000,5187498374624250,5187498374761051
9,9,4,1,128707,128707,16777216,21,"void copy_kernel<1>(float*, float*, unsigned long, unsigned long)",256,0,0,12,32,"SQ_INSTS_VMEM_RD",262144.000000,5187498375173052,5187498375308573
9,9,4,1,128707,128707,16777216,21,"void copy_kernel<1>(float*, float*, unsigned long, unsigned long)",256,0,0,12,32,"TCC_EA_RDREQ_sum",1048584.000000,5187498375173052,5187498375308573
9,9,4,1,128707,128707,16777216,21,"void copy_kernel<1>(float*, float*, unsigned long, unsigned long)",256,0,0,12,32,"TCC_HIT_sum",1049018.000000,5187498375173052,5187498375308573
9,9,4,1,128707,128707,16777216,21,"void copy_kernel<1>(float*, float*, unsigned long, unsigned long)",256,0,0,12,32,"TCC_MISS_sum",1048582.000000,5187498375173052,5187498375308573
9,9,4,1,128707,128707,16777216,21,"void copy_kernel<1>(float*, float*, unsigned long, unsigned long)",256,0,0,12,32,"TCP_TCC_READ_REQ_sum",1048576.000000,5187498375173052,5187498375308573
9,9,4,1,128707,128707,16777216,21,"void copy_kernel<1>(float*, float*, unsigned long, unsigned long)",256,0,0,12,32,"TCP_TOTAL_READ_sum",4194304.000000,5187498375173052,5187498375308573
10,10,4,1,128707,128707,16777216,21,"void copy_kernel<1>(float*, float*, unsigned long, unsigned long)",256,0,0,12,32,"SQ_INSTS_VMEM_RD",262144.000000,5187498375719135,5187498375855455
10,10,4,1,128707,128707,16777216,21,"void copy_kernel<1>(float*, float*, unsigned long, unsigned long)",256,0,0,12,32,"TCC_EA_RDREQ_sum",1048586.000000,5187498375719135,5187498375855455
10,10,4,1,128707,128707,16777216,21,"void copy_kernel<1>(float*, float*, unsigned long, unsigned long)",256,0,0,12,32,"TCC_HIT_sum",1049018.000000,5187498375719135,5187498375855455
10,10,4,1,128707,128707,16777216,21,"void copy_kernel<1>(float*, float*, unsigned long, unsigned long)",256,0,0,12,32,"TCC_MISS_sum",1048584.000000,5187498375719135,5187498375855455
10,10,4,1,128707,128707,16777216,21,"void copy_kernel<1>(float*, float*, unsigned long, unsigned long)",256,0,0,12,32,"TCP_TCC_READ_REQ_sum",1048576.000000,5187498375719135,5187498375855455
10,10,4,1,128707,128707,16777216,21,"void copy_kernel<1>(float*, float*, unsigned long, unsigned long)",256,0,0,12,32,"TCP_TOTAL_READ_sum",4194304.000000,5187498375719135,5187498375855455
11,11,4,1,128707,128707,16777216,21,"void copy_kernel<1>(float*, float*, unsigned long, unsigned long)",256,0,0,12,32,"SQ_INSTS_VMEM_RD",262144.000000,5187498376279137,5187498376414337
11,11,4,1,128707,128707,16777216,21,"void copy_kernel<1>(float*, float*, unsigned long, unsigned long)",256,0,0,12,32,"TCC_EA_RDREQ_sum",1048584.000000,5187498376279137,5187498376414337
11,11,4,1,128707,128707,16777216,21,"void copy_kernel<1>(float*, float*, unsigned long, unsigned long)",256,0,0,12,32,"TCC_HIT_sum",1049018.000000,5187498376279137,5187498376414337
11,11,4,1,128707,128707,16777216,21,"void copy_kernel<1>(float*, float*, unsigned long, unsigned long)",256,0,0,12,32,"TCC_MISS_sum",1048582.000000,5187498376279137,5187498376414337
11,11,4,1,128707,128707,16777216,21,"void copy_kernel<1>(float*, float*, unsigned long, unsigned long)",256,0,0,12,32,"TCP_TCC_READ_REQ_sum",1048576.000000,5187498376279137,5187498376414337
11,11,4,1,128707,128707,16777216,21,"void copy_kernel<1>(float*, float*, unsigned long, unsigned long)",256,0,0,12,32,"TCP_TOTAL_READ_sum",4194304.000000,5187498376279137,5187498376414337
12,12,4,1,128707,128707,16777216,16,"void copy_kernel<2>(float*, float*, unsigned long, unsigned long)",256,0,0,16,32,"SQ_INSTS_VMEM_RD",262144.000000,5187498376979460,5187498377145380
12,12,4,1,128707,128707,16777216,16,"void copy_kernel<2>(float*, float*, unsigned long, unsigned long)",256,0,0,16,32,"TCC_EA_RDREQ_sum",1048842.000000,5187498376979460,5187498377145380
12,12,4,1,128707,128707,16777216,16,"void copy_kernel<2>(float*, float*, unsigned long, unsigned long)",256,0,0,16,32,"TCC_HIT_sum",1110523.000000,5187498376979460,5187498377145380
12,12,4,1,128707,128707,16777216,16,"void copy_kernel<2>(float*, float*, unsigned long, unsigned long)",256,0,0,16,32,"TCC_MISS_sum",1048710.000000,5187498376979460,5187498377145380
12,12,4,1,128707,128707,16777216,16,"void copy_kernel<2>(float*, float*, unsigned long, unsigned long)",256,0,0,16,32,"TCP_TCC_READ_REQ_sum",2097152.000000,5187498376979460,5187498377145380
12,12,4,1,128707,128707,16777216,16,"void copy_kernel<2>(float*, float*, unsigned long, unsigned long)",256,0,0,16,32,"TCP_TOTAL_READ_sum",16777216.000000,5187498376979460,5187498377145380
13,13,4,1,128707,128707,16777216,34,"void copy_kernel<4>(float*, float*, unsigned long, unsigned long)",256,0,0,16,32,"SQ_INSTS_VMEM_RD",262144.000000,5187498377628742,5187498377783143
13,13,4,1,128707,128707,16777216,34,"void copy_kernel<4>(float*, float*, unsigned long, unsigned long)",256,0,0,16,32,"TCC_EA_RDREQ_sum",1049354.000000,5187498377628742,5187498377783143
13,13,4,1,128707,128707,16777216,34,"void copy_kernel<4>(float*, float*, unsigned long, unsigned long)",256,0,0,16,32,"TCC_HIT_sum",2161799.000000,5187498377628742,5187498377783143
13,13,4,1,128707,128707,16777216,34,"void copy_kernel<4>(float*, float*, unsigned long, unsigned long)",256,0,0,16,32,"TCC_MISS_sum",1048966.000000,5187498377628742,5187498377783143
13,13,4,1,128707,128707,16777216,34,"void copy_kernel<4>(float*, float*, unsigned long, unsigned long)",256,0,0,16,32,"TCP_TCC_READ_REQ_sum",4138473.000000,5187498377628742,5187498377783143
13,13,4,1,128707,128707,16777216,34,"void copy_kernel<4>(float*, float*, unsigned long, unsigned long)",256,0,0,16,32,"TCP_TOTAL_READ_sum",16777216.000000,5187498377628742,5187498377783143
14,14,4,1,128707,128707,16777216,17,"void copy_kernel<8>(float*, float*, unsigned long, unsigned long)",256,0,0,16,32,"SQ_INSTS_VMEM_RD",262144.000000,5187498378253545,5187498378521226
14,14,4,1,128707,128707,16777216,17,"void copy_kernel<8>(float*, float*, unsigned long, unsigned long)",256,0,0,16,32,"TCC_EA_RDREQ_sum",1050378.000000,5187498378253545,5187498378521226
14,14,4,1,128707,128707,16777216,17,"void copy_kernel<8>(float*, float*, unsigned long, unsigned long)",256,0,0,16,32,"TCC_HIT_sum",8038188.000000,5187498378253545,5187498378521226
14,14,4,1,128707,128707,16777216,17,"void copy_kernel<8>(float*, float*, unsigned long, unsigned long)",256,0,0,16,32,"TCC_MISS_sum",1049478.000000,5187498378253545,5187498378521226
14,14,4,1,128707,128707,16777216,17,"void copy_kernel<8>(float*, float*, unsigned long, unsigned long)",256,0,0,16,32,"TCP_TCC_READ_REQ_sum",8038530.000000,5187498378253545,5187498378521226
14,14,4,1,128707,128707,16777216,17,"void copy_kernel<8>(float*, float*, unsigned long, unsigned long)",256,0,0,16,32,"TCP_TOTAL_READ_sum",16777216.000000,5187498378253545,5187498378521226
15,15,4,1,128707,128707,16777216,18,"void copy_kernel<16>(float*, float*, unsigned long, unsigned long)",256,0,0,16,32,"SQ_INSTS_VMEM_RD",262144.000000,5187498378994507,5187498379480109
15,15,4,1,128707,128707,16777216,18,"void copy_kernel<16>(float*, float*, unsigned long, unsigned long)",256,0,0,16,32,"TCC_EA_RDREQ_sum",1052426.000000,5187498378994507,5187498379480109
15,15,4,1,128707,128707,16777216,18,"void copy_kernel<16>(float*, float*, unsigned long, unsigned long)",256,0,0,16,32,"TCC_HIT_sum",15856894.000000,5187498378994507,5187498379480109
15,15,4,1,128707,128707,16777216,18,"void copy_kernel<16>(float*, float*, unsigned long, unsigned long)",256,0,0,16,32,"TCC_MISS_sum",1050502.000000,5187498378994507,5187498379480109
15,15,4,1,128707,128707,16777216,18,"void copy_kernel<16>(float*, float*, unsigned long, unsigned long)",256,0,0,16,32,"TCP_TCC_READ_REQ_sum",15858260.000000,5187498378994507,5187498379480109
15,15,4,1,128707,128707,16777216,18,"void copy_kernel<16>(float*, float*, unsigned long, unsigned long)",256,0,0,16,32,"TCP_TOTAL_READ_sum",16777216.000000,5187498378994507,5187498379480109
16,16,4,1,128707,128707,16777216,19,"void copy_kernel<32>(float*, float*, unsigned long, unsigned long)",256,0,0,16,32,"SQ_INSTS_VMEM_RD",262144.000000,5187498379947471,5187498380449553
16,16,4,1,128707,128707,16777216,19,"void copy_kernel<32>(float*, float*, unsigned long, unsigned long)",256,0,0,16,32,"TCC_EA_RDREQ_sum",528266.000000,5187498379947471,5187498380449553
16,16,4,1,128707,128707,16777216,19,"void copy_kernel<32>(float*, float*, unsigned long, unsigned long)",256,0,0,16,32,"TCC_HIT_sum",16483018.000000,5187498379947471,5187498380449553
16,16,4,1,128707,128707,16777216,19,"void copy_kernel<32>(float*, float*, unsigned long, unsigned long)",256,0,0,16,32,"TCC_MISS_sum",1052550.000000,5187498379947471,5187498380449553
16,16,4,1,128707,128707,16777216,19,"void copy_kernel<32>(float*, float*, unsigned long, unsigned long)",256,0,0,16,32,"TCP_TCC_READ_REQ_sum",16486432.000000,5187498379947471,5187498380449553
16,16,4,1,128707,128707,16777216,19,"void copy_kernel<32>(float*, float*, unsigned long, unsigned long)",256,0,0,16,32,"TCP_TOTAL_READ_sum",16777216.000000,5187498379947471,5187498380449553
17,17,4,1,128707,128707,16777216,20,"void copy_kernel<64>(float*, float*, unsigned long, unsigned long)",256,0,0,16,32,"SQ_INSTS_VMEM_RD",262144.000000,5187498380924915,5187498381554357
17,17,4,1,128707,128707,16777216,20,"void copy_kernel<64>(float*, float*, unsigned long, unsigned long)",256,0,0,16,32,"TCC_EA_RDREQ_sum",266186.000000,5187498380924915,5187498381554357
17,17,4,1,128707,128707,16777216,20,"void copy_kernel<64>(float*, float*, unsigned long, unsigned long)",256,0,0,16,32,"TCC_HIT_sum",16980026.000000,5187498380924915,5187498381554357
17,17,4,1,128707,128707,16777216,20,"void copy_kernel<64>(float*, float*, unsigned long, unsigned long)",256,0,0,16,32,"TCC_MISS_sum",790470.000000,5187498380924915,5187498381554357
17,17,4,1,128707,128707,16777216,20,"void copy_kernel<64>(float*, float*, unsigned long, unsigned long)",256,0,0,16,32,"TCP_TCC_READ_REQ_sum",16721360.000000,5187498380924915,5187498381554357
17,17,4,1,128707,128707,16777216,20,"void copy_kernel<64>(float*, float*, unsigned long, unsigned long)",256,0,0,16,32,"TCP_TOTAL_READ_sum",16777216.000000,5187498380924915,5187498381554357
18,18,4,1,128707,128707,16777216,23,"void copy_kernel<128>(float*, float*, unsigned long, unsigned long)",256,0,0,16,32,"SQ_INSTS_VMEM_RD",262144.000000,5187498382019159,5187498382471001
18,18,4,1,128707,128707,16777216,23,"void copy_kernel<128>(float*, float*, unsigned long, unsigned long)",256,0,0,16,32,"TCC_EA_RDREQ_sum",135146.000000,5187498382019159,5187498382471001
18,18,4,1,128707,128707,16777216,23,"void copy_kernel<128>(float*, float*, unsigned long, unsigned long)",256,0,0,16,32,"TCC_HIT_sum",17139498.000000,5187498382019159,5187498382471001
18,18,4,1,128707,128707,16777216,23,"void copy_kernel<128>(float*, float*, unsigned long, unsigned long)",256,0,0,16,32,"TCC_MISS_sum",659430.000000,5187498382019159,5187498382471001
18,18,4,1,128707,128707,16777216,23,"void copy_kernel<128>(float*, float*, unsigned long, unsigned long)",256,0,0,16,32,"TCP_TCC_READ_REQ_sum",16749792.000000,5187498382019159,5187498382471001
18,18,4,1,128707,128707,16777216,23,"void copy_kernel<128>(float*, float*, unsigned long, unsigned long)",256,0,0,16,32,"TCP_TOTAL_READ_sum",16777216.000000,5187498382019159,5187498382471001
19,19,4,1,128707,128707,16777216,25,"void copy_kernel<256>(float*, float*, unsigned long, unsigned long)",256,0,0,16,32,"SQ_INSTS_VMEM_RD",262144.000000,5187498382945563,5187498383404605
19,19,4,1,128707,128707,16777216,25,"void copy_kernel<256>(float*, float*, unsigned long, unsigned long)",256,0,0,16,32,"TCC_EA_RDREQ_sum",69626.000000,5187498382945563,5187498383404605
19,19,4,1,128707,128707,16777216,25,"void copy_kernel<256>(float*, float*, unsigned long, unsigned long)",256,0,0,16,32,"TCC_HIT_sum",17221498.000000,5187498382945563,5187498383404605
19,19,4,1,128707,128707,16777216,25,"void copy_kernel<256>(float*, float*, unsigned long, unsigned long)",256,0,0,16,32,"TCC_MISS_sum",593910.000000,5187498382945563,5187498383404605
19,19,4,1,128707,128707,16777216,25,"void copy_kernel<256>(float*, float*, unsigned long, unsigned long)",256,0,0,16,32,"TCP_TCC_READ_REQ_sum",16766272.000000,5187498382945563,5187498383404605
19,19,4,1,128707,128707,16777216,25,"void copy_kernel<256>(float*, float*, unsigned long, unsigned long)",256,0,0,16,32,"TCP_TOTAL_READ_sum",16777216.000000,5187498382945563,5187498383404605
20,20,4,1,128707,128707,16777216,33,"void copy_kernel<512>(float*, float*, unsigned long, unsigned long)",256,0,0,16,32,"SQ_INSTS_VMEM_RD",262144.000000,5187498383869407,5187498384158848
20,20,4,1,128707,128707,16777216,33,"void copy_kernel<512>(float*, float*, unsigned long, unsigned long)",256,0,0,16,32,"TCC_EA_RDREQ_sum",36866.000000,5187498383869407,5187498384158848
20,20,4,1,128707,128707,16777216,33,"void copy_kernel<512>(float*, float*, unsigned long, unsigned long)",256,0,0,16,32,"TCC_HIT_sum",9688450.000000,5187498383869407,5187498384158848
20,20,4,1,128707,128707,16777216,33,"void copy_kernel<512>(float*, float*, unsigned long, unsigned long)",256,0,0,16,32,"TCC_MISS_sum",561150.000000,5187498383869407,5187498384158848
20,20,4,1,128707,128707,16777216,33,"void copy_kernel<512>(float*, float*, unsigned long, unsigned long)",256,0,0,16,32,"TCP_TCC_READ_REQ_sum",9200464.000000,5187498383869407,5187498384158848
20,20,4,1,128707,128707,16777216,33,"void copy_kernel<512>(float*, float*, unsigned long, unsigned long)",256,0,0,16,32,"TCP_TOTAL_READ_sum",16777216.000000,5187498383869407,5187498384158848
21,21,4,1,128707,128707,16777216,35,"void copy_kernel<1024>(float*, float*, unsigned long, unsigned long)",256,0,0,16,32,"SQ_INSTS_VMEM_RD",262144.000000,5187498384636290,5187498384861090
21,21,4,1,128707,128707,16777216,35,"void copy_kernel<1024>(float*, float*, unsigned long, unsigned long)",256,0,0,16,32,"TCC_EA_RDREQ_sum",20486.000000,5187498384636290,5187498384861090
21,21,4,1,128707,128707,16777216,35,"void copy_kernel<1024>(float*, float*, unsigned long, unsigned long)",256,0,0,16,32,"TCC_HIT_sum",5873099.000000,5187498384636290,5187498384861090
21,21,4,1,128707,128707,16777216,35,"void copy_kernel<1024>(float*, float*, unsigned long, unsigned long)",256,0,0,16,32,"TCC_MISS_sum",544770.000000,5187498384636290,5187498384861090
21,21,4,1,128707,128707,16777216,35,"void copy_kernel<1024>(float*, float*, unsigned long, unsigned long)",256,0,0,16,32,"TCP_TCC_READ_REQ_sum",5368733.000000,5187498384636290,5187498384861090
21,21,4,1,128707,128707,16777216,35,"void copy_kernel<1024>(float*, float*, unsigned long, unsigned long)",256,0,0,16,32,"TCP_TOTAL_READ_sum",16777216.000000,5187498384636290,5187498384861090
22,22,4,1,128707,128707,16777216,26,"void copy_kernel<2048>(float*, float*, unsigned long, unsigned long)",256,0,0,16,32,"SQ_INSTS_VMEM_RD",262144.000000,5187498385325892,5187498385540933
22,22,4,1,128707,128707,16777216,26,"void copy_kernel<2048>(float*, float*, unsigned long, unsigned long)",256,0,0,16,32,"TCC_EA_RDREQ_sum",12296.000000,5187498385325892,5187498385540933
22,22,4,1,128707,128707,16777216,26,"void copy_kernel<2048>(float*, float*, unsigned long, unsigned long)",256,0,0,16,32,"TCC_HIT_sum",3632074.000000,5187498385325892,5187498385540933
22,22,4,1,128707,128707,16777216,26,"void copy_kernel<2048>(float*, float*, unsigned long, unsigned long)",256,0,0,16,32,"TCC_MISS_sum",536580.000000,5187498385325892,5187498385540933
22,22,4,1,128707,128707,16777216,26,"void copy_kernel<2048>(float*, float*, unsigned long, unsigned long)",256,0,0,16,32,"TCP_TCC_READ_REQ_sum",3119518.000000,5187498385325892,5187498385540933
22,22,4,1,128707,128707,16777216,26,"void copy_kernel<2048>(float*, float*, unsigned long, unsigned long)",256,0,0,16,32,"TCP_TOTAL_READ_sum",16777216.000000,5187498385325892,5187498385540933
23,23,4,1,128707,128707,16777216,32,"void copy_kernel<4096>(float*, float*, unsigned long, unsigned long)",256,0,0,16,32,"SQ_INSTS_VMEM_RD",262144.000000,5187498386015175,5187498386191176
23,23,4,1,128707,128707,16777216,32,"void copy_kernel<4096>(float*, float*, unsigned long, unsigned long)",256,0,0,16,32,"TCC_EA_RDREQ_sum",4106.000000,5187498386015175,5187498386191176
23,23,4,1,128707,128707,16777216,32,"void copy_kernel<4096>(float*, float*, unsigned long, unsigned long)",256,0,0,16,32,"TCC_HIT_sum",2557736.000000,5187498386015175,5187498386191176
23,23,4,1,128707,128707,16777216,32,"void copy_kernel<4096>(float*, float*, unsigned long, unsigned long)",256,0,0,16,32,"TCC_MISS_sum",528390.000000,5187498386015175,5187498386191176
23,23,4,1,128707,128707,16777216,32,"void copy_kernel<4096>(float*, float*, unsigned long, unsigned long)",256,0,0,16,32,"TCP_TCC_READ_REQ_sum",2036990.000000,5187498386015175,5187498386191176
23,23,4,1,128707,128707,16777216,32,"void copy_kernel<4096>(float*, float*, unsigned long, unsigned long)",256,0,0,16,32,"TCP_TOTAL_READ_sum",16777216.000000,5187498386015175,5187498386191176
24,24,4,1,128707,128707,16777216,30,"void copy_kernel<8192>(float*, float*, unsigned long, unsigned long)",256,0,0,16,32,"SQ_INSTS_VMEM_RD",262144.000000,5187498386658538,5187498386855018
24,24,4,1,128707,128707,16777216,30,"void copy_kernel<8192>(float*, float*, unsigned long, unsigned long)",256,0,0,16,32,"TCC_EA_RDREQ_sum",4106.000000,5187498386658538,5187498386855018
24,24,4,1,128707,128707,16777216,30,"void copy_kernel<8192>(float*, float*, unsigned long, unsigned long)",256,0,0,16,32,"TCC_HIT_sum",3639606.000000,5187498386658538,5187498386855018
24,24,4,1,128707,128707,16777216,30,"void copy_kernel<8192>(float*, float*, unsigned long, unsigned long)",256,0,0,16,32,"TCC_MISS_sum",528390.000000,5187498386658538,5187498386855018
24,24,4,1,128707,128707,16777216,30,"void copy_kernel<8192>(float*, float*, unsigned long, unsigned long)",256,0,0,16,32,"TCP_TCC_READ_REQ_sum",3118860.000000,5187498386658538,5187498386855018
24,24,4,1,128707,128707,16777216,30,"void copy_kernel<8192>(float*, float*, unsigned long, unsigned long)",256,0,0,16,32,"TCP_TOTAL_READ_sum",16777216.000000,5187498386658538,5187498386855018
25,25,4,1,128707,128707,16777216,29,"void copy_kernel<16384>(float*, float*, unsigned long, unsigned long)",256,0,0,16,32,"SQ_INSTS_VMEM_RD",262144.000000,5187498387327180,5187498387715982
25,25,4,1,128707,128707,16777216,29,"void copy_kernel<16384>(float*, float*, unsigned long, unsigned long)",256,0,0,16,32,"TCC_EA_RDREQ_sum",4106.000000,5187498387327180,5187498387715982
25,25,4,1,128707,128707,16777216,29,"void copy_kernel<16384>(float*, float*, unsigned long, unsigned long)",256,0,0,16,32,"TCC_HIT_sum",14302966.000000,5187498387327180,5187498387715982
25,25,4,1,128707,128707,16777216,29,"void copy_kernel<16384>(float*, float*, unsigned long, unsigned long)",256,0,0,16,32,"TCC_MISS_sum",528390.000000,5187498387327180,5187498387715982
25,25,4,1,128707,128707,16777216,29,"void copy_kernel<16384>(float*, float*, unsigned long, unsigned long)",256,0,0,16,32,"TCP_TCC_READ_REQ_sum",13782220.000000,5187498387327180,5187498387715982
25,25,4,1,128707,128707,16777216,29,"void copy_kernel<16384>(float*, float*, unsigned long, unsigned long)",256,0,0,16,32,"TCP_TOTAL_READ_sum",16777216.000000,5187498387327180,5187498387715982
26,26,4,1,128707,128707,16777216,24,"void copy_kernel<32768>(float*, float*, unsigned long, unsigned long)",256,0,0,16,32,"SQ_INSTS_VMEM_RD",262144.000000,5187498388187504,5187498388612625
26,26,4,1,128707,128707,16777216,24,"void copy_kernel<32768>(float*, float*, unsigned long, unsigned long)",256,0,0,16,32,"TCC_EA_RDREQ_sum",4106.000000,5187498388187504,5187498388612625
26,26,4,1,128707,128707,16777216,24,"void copy_kernel<32768>(float*, float*, unsigned long, unsigned long)",256,0,0,16,32,"TCC_HIT_sum",16392826.000000,5187498388187504,5187498388612625
26,26,4,1,128707,128707,16777216,24,"void copy_kernel<32768>(float*, float*, unsigned long, unsigned long)",256,0,0,16,32,"TCC_MISS_sum",528390.000000,5187498388187504,5187498388612625
26,26,4,1,128707,128707,16777216,24,"void copy_kernel<32768>(float*, float*, unsigned long, unsigned long)",256,0,0,16,32,"TCP_TCC_READ_REQ_sum",15872080.000000,5187498388187504,5187498388612625
26,26,4,1,128707,128707,16777216,24,"void copy_kernel<32768>(float*, float*, unsigned long, unsigned long)",256,0,0,16,32,"TCP_TOTAL_READ_sum",16777216.000000,5187498388187504,5187498388612625
27,27,4,1,128707,128707,16777216,22,"void copy_kernel<65536>(float*, float*, unsigned long, unsigned long)",256,0,0,16,32,"SQ_INSTS_VMEM_RD",262144.000000,5187498389082707,5187498389527029
27,27,4,1,128707,128707,16777216,22,"void copy_kernel<65536>(float*, float*, unsigned long, unsigned long)",256,0,0,16,32,"TCC_EA_RDREQ_sum",4106.000000,5187498389082707,5187498389527029
27,27,4,1,128707,128707,16777216,22,"void copy_kernel<65536>(float*, float*, unsigned long, unsigned long)",256,0,0,16,32,"TCC_HIT_sum",17223562.000000,5187498389082707,5187498389527029
27,27,4,1,128707,128707,16777216,22,"void copy_kernel<65536>(float*, float*, unsigned long, unsigned long)",256,0,0,16,32,"TCC_MISS_sum",528390.000000,5187498389082707,5187498389527029
27,27,4,1,128707,128707,16777216,22,"void copy_kernel<65536>(float*, float*, unsigned long, unsigned long)",256,0,0,16,32,"TCP_TCC_READ_REQ_sum",16702816.000000,5187498389082707,5187498389527029
27,27,4,1,128707,128707,16777216,22,"void copy_kernel<65536>(float*, float*, unsigned long, unsigned long)",256,0,0,16,32,"TCP_TOTAL_READ_sum",16777216.000000,5187498389082707,5187498389527029
28,28,4,1,128707,128707,16777216,28,"void copy_kernel<131072>(float*, float*, unsigned long, unsigned long)",256,0,0,16,32,"SQ_INSTS_VMEM_RD",262144.000000,5187498389991191,5187498390444792
28,28,4,1,128707,128707,16777216,28,"void copy_kernel<131072>(float*, float*, unsigned long, unsigned long)",256,0,0,16,32,"TCC_EA_RDREQ_sum",4106.000000,5187498389991191,5187498390444792
28,28,4,1,128707,128707,16777216,28,"void copy_kernel<131072>(float*, float*, unsigned long, unsigned long)",256,0,0,16,32,"TCC_HIT_sum",17176338.000000,5187498389991191,5187498390444792
28,28,4,1,128707,128707,16777216,28,"void copy_kernel<131072>(float*, float*, unsigned long, unsigned long)",256,0,0,16,32,"TCC_MISS_sum",528390.000000,5187498389991191,5187498390444792
28,28,4,1,128707,128707,16777216,28,"void copy_kernel<131072>(float*, float*, unsigned long, unsigned long)",256,0,0,16,32,"TCP_TCC_READ_REQ_sum",16655592.000000,5187498389991191,5187498390444792
28,28,4,1,128707,128707,16777216,28,"void copy_kernel<131072>(float*, float*, unsigned long, unsigned long)",256,0,0,16,32,"TCP_TOTAL_READ_sum",16777216.000000,5187498389991191,5187498390444792
29,29,4,1,128707,128707,16777216,27,"void copy_kernel<262144>(float*, float*, unsigned long, unsigned long)",256,0,0,16,32,"SQ_INSTS_VMEM_RD",262144.000000,5187498390916794,5187498391396956
29,29,4,1,128707,128707,16777216,27,"void copy_kernel<262144>(float*, float*, unsigned long, unsigned long)",256,0,0,16,32,"TCC_EA_RDREQ_sum",4106.000000,5187498390916794,5187498391396956
29,29,4,1,128707,128707,16777216,27,"void copy_kernel<262144>(float*, float*, unsigned long, unsigned long)",256,0,0,16,32,"TCC_HIT_sum",17093354.000000,5187498390916794,5187498391396956
29,29,4,1,128707,128707,16777216,27,"void copy_kernel<262144>(float*, float*, unsigned long, unsigned long)",256,0,0,16,32,"TCC_MISS_sum",528390.000000,5187498390916794,5187498391396956
29,29,4,1,128707,128707,16777216,27,"void copy_kernel<262144>(float*, float*, unsigned long, unsigned long)",256,0,0,16,32,"TCP_TCC_READ_REQ_sum",16572608.000000,5187498390916794,5187498391396956
29,29,4,1,128707,128707,16777216,27,"void copy_kernel<262144>(float*, float*, unsigned long, unsigned long)",256,0,0,16,32,"TCP_TOTAL_READ_sum",16777216.000000,5187498390916794,5187498391396956
30,30,4,1,128707,128707,16777216,31,"void copy_kernel<524288>(float*, float*, unsigned long, unsigned long)",256,0,0,16,32,"SQ_INSTS_VMEM_RD",262144.000000,5187498391860318,5187498392488320
30,30,4,1,128707,128707,16777216,31,"void copy_kernel<524288>(float*, float*, unsigned long, unsigned long)",256,0,0,16,32,"TCC_EA_RDREQ_sum",4106.000000,5187498391860318,5187498392488320
30,30,4,1,128707,128707,16777216,31,"void copy_kernel<524288>(float*, float*, unsigned long, unsigned long)",256,0,0,16,32,"TCC_HIT_sum",16701674.000000,5187498391860318,5187498392488320
30,30,4,1,128707,128707,16777216,31,"void copy_kernel<524288>(float*, float*, unsigned long, unsigned long)",256,0,0,16,32,"TCC_MISS_sum",528390.000000,5187498391860318,5187498392488320
30,30,4,1,128707,128707,16777216,31,"void copy_kernel<524288>(float*, float*, unsigned long, unsigned long)",256,0,0,16,32,"TCP_TCC_READ_REQ_sum",16180928.000000,5187498391860318,5187498392488320
30,30,4,1,128707,128707,16777216,31,"void copy_kernel<524288>(float*, float*, unsigned long, unsigned long)",256,0,0,16,32,"TCP_TOTAL_READ_sum",16777216.000000,5187498391860318,5187498392488320
